{
    "55": 0,
    "_": 1,
    "77": 2,
    "54": 3,
    "78": 4,
    "60": 5,
    "75": 6,
    "69": 7,
    "45": 8,
    "r": 9,
    "47": 10,
    "68": 11,
    "73": 12,
    "67": 13,
    "59": 14,
    "66": 15,
    "72": 16,
    "53": 17,
    "/": 18,
    "57": 19,
    "52": 20,
    "64": 21,
    "76": 22,
    "61": 23,
    "63": 24,
    "56": 25,
    "51": 26,
    "62": 27,
    "74": 28,
    "79": 29,
    "70": 30,
    "50": 31,
    "81": 32,
    "65": 33,
    "71": 34,
    "80": 35,
    "58": 36,
    "48": 37
}